-- phpMyAdmin SQL Dump
-- version 3.4.9
-- http://www.phpmyadmin.net
--
-- Host: tund.cefns.nau.edu
-- Generation Time: May 07, 2015 at 11:43 PM
-- Server version: 5.1.73
-- PHP Version: 5.3.3

SET SQL_MODE="NO_AUTO_VALUE_ON_ZERO";
SET time_zone = "+00:00";


/*!40101 SET @OLD_CHARACTER_SET_CLIENT=@@CHARACTER_SET_CLIENT */;
/*!40101 SET @OLD_CHARACTER_SET_RESULTS=@@CHARACTER_SET_RESULTS */;
/*!40101 SET @OLD_COLLATION_CONNECTION=@@COLLATION_CONNECTION */;
/*!40101 SET NAMES utf8 */;

--
-- Database: `mja266`
--

-- --------------------------------------------------------

--
-- Table structure for table `access_log`
--

CREATE TABLE IF NOT EXISTS `access_log` (
  `beacon_mac` char(64) NOT NULL,
  `user_mac` char(64) NOT NULL,
  `Timestamp` timestamp NOT NULL DEFAULT CURRENT_TIMESTAMP
) ENGINE=InnoDB DEFAULT CHARSET=latin1;

--
-- Dumping data for table `access_log`
--

INSERT INTO `access_log` (`beacon_mac`, `user_mac`, `Timestamp`) VALUES
('5CF3706461B5', '1883312CF717', '2015-03-06 15:09:46'),
('5CF3706461B5', '1883312CF717', '2015-03-06 15:10:24'),
('000272D6A79F', '1883312CF717', '2015-03-06 15:11:11'),
('5CF3706461D1', '1883312CF717', '2015-03-06 15:11:40'),
('000272D6A79F', '1883312CF717', '2015-03-06 15:13:22'),
('5CF3706461B5', '1883312CF717', '2015-03-06 15:13:56'),
('5CF3706461B5', '1883312CF717', '2015-03-06 15:14:08'),
('5CF3706461D1', '1883312CF717', '2015-03-06 15:14:21'),
('5CF3706461D1', '1883312CF717', '2015-03-06 15:14:37'),
('5CF3706461B5', '1883312CF717', '2015-03-06 15:14:50'),
('5CF3706461B5', '1883312CF717', '2015-03-06 15:17:32'),
('5CF3706461D1', '1883312CF717', '2015-03-06 15:17:58'),
('5CF3706461B5', '2C8A7216283C', '2015-03-06 15:37:33'),
('5CF3706461B5', '2C8A7216283C', '2015-03-06 15:37:42'),
('5CF3706461B5', '2C8A7216283C', '2015-03-06 15:37:51'),
('5CF3706461B5', '2C8A7216283C', '2015-03-06 15:37:58'),
('5CF3706461B5', '84DBAC008047', '2015-03-06 15:38:12'),
('5CF3706461B5', '84DBAC008047', '2015-03-06 15:38:52'),
('5CF3706461B5', '84DBAC008047', '2015-03-06 15:39:08'),
('000272D6A79F', '84DBAC008047', '2015-03-11 20:54:44'),
('000272D6A79F', '84DBAC008047', '2015-03-11 20:55:19'),
('5CF3706461B5', '84DBAC008047', '2015-03-11 20:55:52'),
('5CF3706461D1', '84DBAC008047', '2015-03-11 20:56:54'),
('5CF3706461D1', '84DBAC008047', '2015-03-11 21:01:29'),
('5CF3706461B5', '84DBAC008047', '2015-03-11 21:01:52'),
('000272D6A79F', '84DBAC008047', '2015-03-11 21:13:10'),
('000272D6A79F', '84DBAC008047', '2015-03-11 21:13:38'),
('5CF3706461D1', '84DBAC008047', '2015-03-11 21:14:13'),
('5CF3706461D1', '84DBAC008047', '2015-03-11 21:14:32'),
('5CF3706461D1', '84DBAC008047', '2015-03-11 21:17:56'),
('000272D6A79F', '84DBAC008047', '2015-03-11 21:18:07'),
('5CF3706461B5', '2C8A7216283C', '2015-04-23 06:08:41'),
('5CF3706461B5', '2C8A7216283C', '2015-04-23 06:08:49'),
('5CF3706461B5', '2C8A7216283C', '2015-04-23 06:12:09'),
('5CF3706461B5', '2C8A7216283C', '2015-04-23 06:12:22'),
('5CF3706461B5', '2C8A7216283C', '2015-04-23 06:14:55'),
('5CF3706461B5', '2C8A7216283C', '2015-04-23 06:15:32'),
('5CF3706461B5', '2C8A7216283C', '2015-04-23 06:15:40'),
('5CF3706461B5', '2C8A7216283C', '2015-04-23 06:15:48'),
('5CF3706461B5', '2C8A7216283C', '2015-04-23 06:15:57'),
('5CF3706461B5', '2C8A7216283C', '2015-04-23 06:16:11'),
('5CF3706461B5', '2C8A7216283C', '2015-04-23 06:31:35'),
('5CF3706461B5', '1883312CF717', '2015-04-30 05:56:25'),
('5CF3706461B5', '1883312CF717', '2015-04-30 05:57:04'),
('5CF3706461B5', '1883312CF717', '2015-04-30 05:57:19'),
('5CF3706461B5', '1883312CF717', '2015-04-30 05:57:30'),
('5CF3706461B5', '1883312CF717', '2015-04-30 05:57:51'),
('5CF3706461B5', '1883312CF717', '2015-04-30 05:58:06'),
('5CF3706461B5', '1883312CF717', '2015-04-30 05:58:13'),
('5CF3706461B5', '1883312CF717', '2015-04-30 05:58:36'),
('5CF3706461B5', '1883312CF717', '2015-04-30 05:59:07'),
('5CF3706461B5', '1883312CF717', '2015-04-30 05:59:14'),
('5CF3706461B5', '1883312CF717', '2015-04-30 05:59:41'),
('5CF3706461B5', '1883312CF717', '2015-04-30 06:00:00'),
('5CF3706461B5', '1883312CF717', '2015-04-30 06:00:06'),
('5CF3706461B5', '1883312CF717', '2015-04-30 06:00:15'),
('5CF3706461B5', '1883312CF717', '2015-04-30 06:00:21'),
('5CF3706461B5', '1883312CF717', '2015-04-30 06:00:51'),
('5CF3706461B5', '1883312CF717', '2015-04-30 06:01:06'),
('5CF3706461B5', '1883312CF717', '2015-04-30 06:01:29'),
('5CF3706461B5', '1883312CF717', '2015-04-30 06:01:56'),
('5CF3706461B5', '1883312CF717', '2015-04-30 06:02:12'),
('000272D6A79F', '1883312CF717', '2015-04-30 06:02:34'),
('5CF3706461B5', '1883312CF717', '2015-04-30 06:02:35'),
('5CF3706461B5', '1883312CF717', '2015-04-30 06:02:50'),
('5CF3706461B5', '1883312CF717', '2015-04-30 06:03:43'),
('5CF3706461B5', '1883312CF717', '2015-04-30 06:03:49'),
('000272D6A79F', '1883312CF717', '2015-04-30 06:05:17'),
('000272D6A79F', '1883312CF717', '2015-04-30 06:05:24'),
('5CF3706461B5', '1883312CF717', '2015-04-30 06:06:34'),
('5CF3706461B5', '2C8A7216283C', '2015-04-30 06:10:53'),
('5CF3706461B5', '2C8A7216283C', '2015-04-30 06:11:04'),
('5CF3706461B5', '2C8A7216283C', '2015-04-30 06:13:20'),
('5CF3706461B5', '2C8A7216283C', '2015-04-30 06:16:22'),
('5CF3706461B5', '1883312CF717', '2015-05-03 21:53:06'),
('5CF3706461B5', '1883312CF717', '2015-05-07 05:11:08'),
('5CF3706461B5', '1883312CF717', '2015-05-07 05:11:15'),
('5CF3706461B5', '1883312CF717', '2015-05-07 05:11:56'),
('5CF3706461B5', '1883312CF717', '2015-05-07 05:12:04'),
('5CF3706461B5', '1883312CF717', '2015-05-07 05:12:39'),
('5CF3706461B5', '1883312CF717', '2015-05-07 05:13:12'),
('5CF3706461B5', '1883312CF717', '2015-05-07 05:24:50'),
('5CF3706461B5', '1883312CF717', '2015-05-07 06:20:31'),
('5CF3706461B5', '1883312CF717', '2015-05-07 06:25:50');

-- --------------------------------------------------------

--
-- Table structure for table `beacon_device`
--

CREATE TABLE IF NOT EXISTS `beacon_device` (
  `beacon_mac` char(32) NOT NULL,
  `user` varchar(64) NOT NULL,
  PRIMARY KEY (`beacon_mac`)
) ENGINE=InnoDB DEFAULT CHARSET=latin1;

--
-- Dumping data for table `beacon_device`
--

INSERT INTO `beacon_device` (`beacon_mac`, `user`) VALUES
('000272D6A79F', 'Living Room'),
('4CF3706461B4', 'ghjfghkfghjk'),
('5CF3706461B2', 'asffghsdh'),
('5CF3706461B3', 'dfghsdhsdfj'),
('5CF3706461B4', 'afgsdfghdfghj'),
('5CF3706461B5', 'Office'),
('5CF3706461D1', 'Bedroom'),
('9CF3706461B4', 'asfadfghsfjudcgyki'),
('FFFFFFFFFFFF', 'Null Beacon');

-- --------------------------------------------------------

--
-- Table structure for table `user_device`
--

CREATE TABLE IF NOT EXISTS `user_device` (
  `user_mac` char(32) NOT NULL,
  `first_name` char(32) NOT NULL,
  `last_name` char(32) NOT NULL,
  PRIMARY KEY (`user_mac`)
) ENGINE=InnoDB DEFAULT CHARSET=latin1;

--
-- Dumping data for table `user_device`
--

INSERT INTO `user_device` (`user_mac`, `first_name`, `last_name`) VALUES
('1883312CF717', 'Michael', 'Albanese'),
('2C8A7216283C', 'Josh', 'Frampton'),
('90E7C44E2D72', 'Austin', 'Sanders'),
('5CF3706461E4', 'adfhsfgj', 'dghkfghjlhjkl'),
('84DBAC008047', 'Omar', 'Badreddin');

/*!40101 SET CHARACTER_SET_CLIENT=@OLD_CHARACTER_SET_CLIENT */;
/*!40101 SET CHARACTER_SET_RESULTS=@OLD_CHARACTER_SET_RESULTS */;
/*!40101 SET COLLATION_CONNECTION=@OLD_COLLATION_CONNECTION */;
