"00163e576ef2","Treatment Room 1"
"00163e31dd9a","Hand Sanitizer 1"
"00163e56788e","Treatment Room 2"
"00163e1cd5dc","Hand Sanitizer 2"
"00163e1270a2","Treatment Room 3"
"00163e235367","Hand Sanitizer 3"
"00163e4678d9","Treatment Room 4"
"00163e02737e","Hand Sanitizer 4"
"00163e6866d8","Treatment Room 5"
"00163e6e0410","Hand Sanitizer 5"
"00163e18f967","Treatment Room 6"
"00163e72ca8f","Hand Sanitizer 6"
"00163e3fe3a5","Treatment Room 7"
"00163e26e259","Hand Sanitizer 7"
"00163e7b26a4","Treatment Room 8"
"00163e0b3d4f","Hand Sanitizer 8"
"00163e2d2b8e","Treatment Room 9"
"00163e4aeaa0","Hand Sanitizer 9"
"00163e6c2523","Treatment Room 10"
"00163e07d7c9","Hand Sanitizer 10"
"00163e5f13db","Treatment Room 11"
"00163e1629cb","Hand Sanitizer 11"
"00163e1449fb","Treatment Room 12"
"00163e1ee35b","Hand Sanitizer 12"
"00163e745caa","Treatment Room 13"
"00163e5076ea","Hand Sanitizer 13"
"00163e0a12ea","Treatment Room 14"
"00163e5dccc5","Hand Sanitizer 14"
"00163e0307a7","Treatment Room 15"
"00163e7b4dbd","Hand Sanitizer 15"
"00163e323220","Treatment Room 16"
"00163e49565d","Hand Sanitizer 16"
"00163e4003d6","Treatment Room 17"
"00163e34c868","Hand Sanitizer 17"
"00163e73e5a4","Treatment Room 18"
"00163e6de499","Hand Sanitizer 18"
"00163e054d4e","Treatment Room 19"
"00163e20dbd6","Hand Sanitizer 19"
"5CF3706461D1","Hand Sanitizer 20"
"FFFFFFFFFFFF","Null Beacon"
"000272D6A79F","Treatment Room 20"
"5CF3706461B5","Office"
