"00163e62d8fc","Kahla","Albanese"
"00163e50ea29","Kahla","Frampton"
"00163e42f62f","Austin","Badreddin"
"1883312CF717","Michael","Albanese"
"00163e64b015","Linus","Frampton"
"00163e11886d","Omar","Albanese"
"00163e362a2d","Michael","Badreddin"
"00163e75386b","Michael","Frampton"
"00163e367736","Austin","Albanese"
"00163e0562b1","Michael","Sanders"
"00163e5ba388","Josh","Sanders"
"e89120a48d0b","Kahla","Atherton"
"00163e6a4d2d","Omar","Sanders"
"00163e260312","Michael","Nienstadt"
"90E7C44E2D72","Austin","Sanders"
"00163e22560e","Omar","Nienstadt"
"2C8A7216283C","Josh","Frampton"
"00163e48148e","Kahla","Badreddin"
"84DBAC008047","Omar","Badreddin"
"804E81F06162","Linus","Nienstadt"
